frame;t(s);x(px);y(px)
0;0.0;417;569
1;0.033;427;567
2;0.067;433;566
3;0.1;436;565
4;0.133;436;565
5;0.167;433;566
6;0.2;427;567
7;0.233;417;569
8;0.267;405;572
9;0.3;389;575
10;0.333;371;578
11;0.367;351;581
12;0.4;328;584
13;0.433;304;585
14;0.467;279;586
15;0.5;254;587
16;0.533;228;586
17;0.567;203;585
18;0.6;178;582
19;0.633;155;579
20;0.667;134;576
21;0.7;114;573
22;0.733;97;570
23;0.767;87;566
24;0.8;76;563
25;0.833;69;561
26;0.867;66;560
27;0.9;65;559
28;0.933;66;560
29;0.967;72;562
30;1.0;80;564
31;1.033;92;566
32;1.067;107;569
33;1.1;123;572
34;1.133;143;575
35;1.167;165;578
36;1.2;188;581
37;1.233;209;582
38;1.267;234;583
39;1.3;259;584
40;1.333;284;583
41;1.367;309;582
42;1.4;332;579
43;1.433;353;577
44;1.467;373;574
45;1.5;391;572
46;1.533;407;568
47;1.567;419;566
48;1.6;428;563
49;1.633;435;562
50;1.667;438;561
51;1.7;438;561
52;1.733;435;562
53;1.767;428;563
54;1.8;419;566
55;1.833;407;568
56;1.867;391;572
57;1.9;373;575
58;1.933;353;578
59;1.967;330;581
60;2.0;306;583
61;2.033;280;584
62;2.067;255;585
63;2.1;231;585
64;2.133;206;584
65;2.167;182;581
66;2.2;159;578
67;2.233;138;576
68;2.267;119;572
69;2.3;103;569
70;2.333;89;566
71;2.367;79;564
72;2.4;71;562
73;2.433;68;561
74;2.467;67;561
75;2.5;67;561
76;2.533;71;562
77;2.567;78;564
78;2.6;88;566
79;2.633;101;569
80;2.667;117;572
81;2.7;135;575
82;2.733;155;578
83;2.767;177;581
84;2.8;201;583
85;2.833;224;585
86;2.867;249;585
87;2.9;273;586
88;2.933;297;585
89;2.967;321;583
90;3.0;343;581
91;3.033;364;578
92;3.067;383;575
93;3.1;400;572
94;3.133;413;570
95;3.167;424;568
96;3.2;433;566
97;3.233;438;565
98;3.267;440;565
99;3.3;439;565
100;3.333;434;567
101;3.367;426;569
102;3.4;415;571
103;3.433;402;574
104;3.467;385;577
105;3.5;365;581
106;3.533;344;584
107;3.567;321;586
108;3.6;297;587
109;3.633;271;588
110;3.667;246;588
111;3.7;221;587
112;3.733;197;586
113;3.767;172;583
114;3.8;150;580
115;3.833;130;577
116;3.867;112;574
117;3.9;96;571
118;3.933;84;568
119;3.967;74;565
120;4.0;68;564
121;4.033;66;563
122;4.067;67;563
123;4.1;70;564
124;4.133;78;566
125;4.167;88;568
126;4.2;101;571
127;4.233;116;574
128;4.267;134;577
129;4.3;154;580
130;4.333;176;582
131;4.367;199;585
132;4.4;223;586
133;4.433;247;587
134;4.467;271;587
135;4.5;295;586
136;4.533;319;584
137;4.567;340;581
138;4.6;360;579
139;4.633;378;575
140;4.667;395;572
141;4.7;409;570
142;4.733;420;567
143;4.767;429;566
144;4.8;434;564
145;4.833;436;564
146;4.867;435;565
147;4.9;430;566
148;4.933;423;568
149;4.967;413;571
150;5.0;399;574
151;5.033;382;578
152;5.067;364;581
153;5.1;342;584
154;5.133;321;587
155;5.167;297;588
156;5.2;272;589
157;5.233;247;590
158;5.267;223;589
159;5.3;198;588
160;5.333;175;585
161;5.367;153;583
162;5.4;133;580
163;5.433;116;577
164;5.467;100;574
165;5.5;88;571
166;5.533;79;569
167;5.567;73;567
168;5.6;70;566
169;5.633;71;566
170;5.667;72;567
171;5.7;76;568
172;5.733;85;570
173;5.767;97;572
174;5.8;112;575
175;5.833;128;578
176;5.867;147;582
177;5.9;168;584
178;5.933;190;586
179;5.967;213;588
180;6.0;236;589
181;6.033;260;590
182;6.067;283;589
183;6.1;307;588
184;6.133;330;586
185;6.167;351;584
186;6.2;370;581
187;6.233;387;578
188;6.267;402;575
189;6.3;415;573
190;6.333;424;570
191;6.367;431;569
192;6.4;435;568
193;6.433;435;568
194;6.467;432;569
195;6.5;426;570
196;6.533;417;573
197;6.567;405;576
198;6.6;390;579
199;6.633;373;582
200;6.667;353;586
201;6.7;331;588
202;6.733;308;591
203;6.767;284;592
204;6.8;259;593
205;6.833;236;593
206;6.867;211;592
207;6.9;187;590
208;6.933;165;588
209;6.967;143;585
210;7.0;124;582
211;7.033;107;579
212;7.067;97;577
213;7.1;85;574
214;7.133;77;572
215;7.167;71;571
216;7.2;70;570
217;7.233;72;571
218;7.267;77;572
219;7.3;86;574
220;7.333;97;576
221;7.367;112;579
222;7.4;128;582
223;7.433;146;585
224;7.467;167;587
225;7.5;189;589
226;7.533;212;591
227;7.567;235;591
228;7.6;259;592
229;7.633;283;592
230;7.667;307;591
231;7.7;329;589
232;7.733;351;586
233;7.767;370;584
234;7.8;387;581
235;7.833;402;578
236;7.867;415;576
237;7.9;424;574
238;7.933;431;572
239;7.967;435;572
240;8.0;435;571
241;8.033;432;572
242;8.067;426;574
243;8.1;418;576
244;8.133;406;579
245;8.167;391;582
246;8.2;374;585
247;8.233;355;588
248;8.267;333;590
249;8.3;310;592
250;8.333;286;594
251;8.367;261;594
252;8.4;237;594
253;8.433;213;593
254;8.467;189;592
255;8.5;168;589
256;8.533;146;587
257;8.567;127;583
258;8.6;112;580
259;8.633;98;578
260;8.667;88;575
261;8.7;80;573
262;8.733;76;572
263;8.767;75;571
264;8.8;77;572
265;8.833;82;573
266;8.867;86;573
267;8.9;95;575
268;8.933;108;578
269;8.967;123;581
270;9.0;140;584
271;9.033;159;587
272;9.067;180;589
273;9.1;202;591
274;9.133;225;592
275;9.167;249;593
276;9.2;274;594
277;9.233;297;593
278;9.267;319;592
279;9.3;341;590
280;9.333;361;588
281;9.367;379;586
282;9.4;395;584
283;9.433;410;581
284;9.467;421;580
285;9.5;429;578
286;9.533;435;577
287;9.567;438;578
288;9.6;437;578
289;9.633;433;580
290;9.667;425;582
291;9.7;415;584
292;9.733;402;586
293;9.767;386;589
294;9.8;368;592
295;9.833;347;595
296;9.867;325;596
297;9.9;301;598
298;9.933;277;598
299;9.967;253;598
300;10.0;228;597
301;10.033;204;595
302;10.067;181;593
303;10.1;158;590
304;10.133;139;587
305;10.167;120;584
306;10.2;105;581
307;10.233;94;578
308;10.267;85;576
309;10.3;79;574
310;10.333;76;573
311;10.367;76;573
312;10.4;80;573
313;10.433;87;575
314;10.467;97;577
315;10.5;110;580
316;10.533;125;583
317;10.567;141;586
318;10.6;160;588
319;10.633;182;591
320;10.667;204;593
321;10.7;228;595
322;10.733;251;596
323;10.767;275;596
324;10.8;298;596
325;10.833;321;595
326;10.867;342;593
327;10.9;363;591
328;10.933;380;589
329;10.967;397;587
330;11.0;411;584
331;11.033;420;583
332;11.067;428;581
333;11.1;433;581
334;11.133;436;580
335;11.167;435;580
336;11.2;430;581
337;11.233;423;583
338;11.267;413;585
339;11.3;401;588
340;11.333;385;591
341;11.367;367;593
342;11.4;346;596
343;11.433;323;598
344;11.467;300;599
345;11.5;276;600
346;11.533;251;599
347;11.567;226;599
348;11.6;202;597
349;11.633;179;595
350;11.667;156;592
351;11.7;136;588
352;11.733;119;585
353;11.767;103;582
354;11.8;92;579
355;11.833;82;577
356;11.867;76;575
357;11.9;73;574
358;11.933;73;574
359;11.967;77;575
360;12.0;84;576
361;12.033;94;579
362;12.067;98;580
363;12.1;112;583
364;12.133;129;586
365;12.167;147;589
366;12.2;168;592
367;12.233;188;594
368;12.267;210;596
369;12.3;234;598
370;12.333;258;598
371;12.367;282;598
372;12.4;305;597
373;12.433;328;596
374;12.467;349;594
375;12.5;368;592
376;12.533;386;590
377;12.567;400;588
378;12.6;413;585
379;12.633;423;584
380;12.667;429;582
381;12.7;433;581
382;12.733;434;581
383;12.767;431;582
384;12.8;425;584
385;12.833;416;586
386;12.867;404;588
387;12.9;390;590
388;12.933;373;593
389;12.967;353;595
390;13.0;332;597
391;13.033;309;599
392;13.067;286;600
393;13.1;262;601
394;13.133;237;601
395;13.167;212;599
396;13.2;187;597
397;13.233;164;595
398;13.267;143;592
399;13.3;125;589
400;13.333;110;586
401;13.367;97;583
402;13.4;85;580
403;13.433;76;578
404;13.467;71;577
405;13.5;70;577
406;13.533;72;577
407;13.567;78;578
408;13.6;87;580
409;13.633;99;582
410;13.667;112;585
411;13.7;127;588
412;13.733;146;590
413;13.767;166;593
414;13.8;188;595
415;13.833;211;597
416;13.867;234;599
417;13.9;257;599
418;13.933;281;599
419;13.967;304;598
420;14.0;326;596
421;14.033;347;594
422;14.067;367;592
423;14.1;384;590
424;14.133;399;588
425;14.167;412;585
426;14.2;421;584
427;14.233;428;582
428;14.267;432;582
429;14.3;433;582
430;14.333;431;583
431;14.367;424;584
432;14.4;416;587
433;14.433;404;589
434;14.467;390;591
435;14.5;373;594
436;14.533;354;596
437;14.567;333;599
438;14.6;310;600
439;14.633;286;601
440;14.667;260;601
441;14.7;235;601
442;14.733;211;600
443;14.767;186;598
444;14.8;164;595
445;14.833;144;592
446;14.867;125;590
447;14.9;109;586
448;14.933;97;584
449;14.967;86;581
450;15.0;78;579
451;15.033;74;578
452;15.067;73;578
453;15.1;75;578
454;15.133;80;578
455;15.167;89;580
456;15.2;99;583
457;15.233;99;583
458;15.267;121;587
459;15.3;138;589
460;15.333;157;592
461;15.367;178;594
462;15.4;199;596
463;15.433;222;598
464;15.467;246;598
465;15.5;269;599
466;15.533;293;598
467;15.567;315;596
468;15.6;336;594
469;15.633;356;592
470;15.667;374;590
471;15.7;390;588
472;15.733;403;586
473;15.767;415;584
474;15.8;423;583
475;15.833;428;582
476;15.867;431;581
477;15.9;429;582
478;15.933;425;583
479;15.967;418;585
480;16.0;408;588
481;16.033;395;590
482;16.067;380;593
483;16.1;362;595
484;16.133;342;597
485;16.167;320;600
486;16.2;298;601
487;16.233;273;602
488;16.267;248;602
489;16.3;222;601
490;16.333;199;599
491;16.367;176;597
492;16.4;155;594
493;16.433;136;591
494;16.467;119;588
495;16.5;104;585
496;16.533;93;583
497;16.567;84;580
498;16.6;78;579
499;16.633;75;578
500;16.667;75;577
501;16.7;79;578
502;16.733;86;579
503;16.767;94;581
504;16.8;107;583
505;16.833;122;586
506;16.867;139;589
507;16.9;158;591
508;16.933;178;593
509;16.967;200;595
510;17.0;223;597
511;17.033;247;598
512;17.067;271;598
513;17.1;294;598
514;17.133;317;596
515;17.167;338;595
516;17.2;357;592
517;17.233;375;590
518;17.267;390;587
519;17.3;403;585
520;17.333;414;583
521;17.367;422;582
522;17.4;428;581
523;17.433;430;580
524;17.467;429;580
525;17.5;425;581
526;17.533;417;583
527;17.567;407;586
528;17.6;394;588
529;17.633;379;590
530;17.667;361;593
531;17.7;341;595
532;17.733;320;597
533;17.767;297;599
534;17.8;272;599
535;17.833;247;599
536;17.867;222;598
537;17.9;198;596
538;17.933;176;594
539;17.967;155;591
540;18.0;137;589
541;18.033;120;586
542;18.067;106;583
543;18.1;94;580
544;18.133;85;578
545;18.167;79;577
546;18.2;77;576
547;18.233;77;576
548;18.267;81;576
549;18.3;88;577
550;18.333;96;579
551;18.367;109;581
552;18.4;123;584
553;18.433;123;584
554;18.467;149;588
555;18.5;168;590
556;18.533;190;592
557;18.567;211;594
558;18.6;234;595
559;18.633;258;596
560;18.667;281;595
561;18.7;304;594
562;18.733;324;593
563;18.767;345;591
564;18.8;363;589
565;18.833;379;587
566;18.867;394;585
567;18.9;406;583
568;18.933;415;581
569;18.967;421;579
570;19.0;426;579
571;19.033;427;579
572;19.067;424;580
573;19.1;418;582
574;19.133;410;584
575;19.167;398;586
576;19.2;385;588
577;19.233;368;591
578;19.267;349;594
579;19.3;329;596
580;19.333;307;598
581;19.367;284;599
582;19.4;259;600
583;19.433;235;599
584;19.467;211;598
585;19.5;188;596
586;19.533;167;593
587;19.567;148;591
588;19.6;130;588
589;19.633;116;585
590;19.667;103;582
591;19.7;93;580
592;19.733;85;578
593;19.767;81;577
594;19.8;80;576
595;19.833;82;576
596;19.867;87;577
597;19.9;95;579
598;19.933;106;581
599;19.967;120;583
600;20.0;134;586
601;20.033;152;589
602;20.067;170;591
603;20.1;191;593
604;20.133;213;594
605;20.167;235;595
606;20.2;259;596
607;20.233;281;595
608;20.267;304;595
609;20.3;324;593
610;20.333;345;591
611;20.367;363;589
612;20.4;379;587
613;20.433;393;584
614;20.467;405;582
615;20.5;414;581
616;20.533;421;580
617;20.567;425;579
618;20.6;425;579
619;20.633;422;580
620;20.667;416;581
621;20.7;408;583
622;20.733;397;585
623;20.767;383;587
624;20.8;366;590
625;20.833;347;592
626;20.867;326;594
627;20.9;304;596
628;20.933;280;597
629;20.967;256;597
630;21.0;232;596
631;21.033;208;595
632;21.067;186;593
633;21.1;165;591
634;21.133;146;588
635;21.167;129;586
636;21.2;115;583
637;21.233;101;581
638;21.267;90;578
639;21.3;84;577
640;21.333;80;575
641;21.367;79;575
642;21.4;82;575
643;21.433;87;576
644;21.467;96;578
645;21.5;106;580
646;21.533;120;582
647;21.567;135;585
648;21.6;152;587
649;21.633;152;587
650;21.667;182;591
651;21.7;203;593
652;21.733;225;594
653;21.767;247;595
654;21.8;269;595
655;21.833;291;594
656;21.867;313;593
657;21.9;334;592
658;21.933;354;590
659;21.967;372;588
660;22.0;387;586
661;22.033;401;585
662;22.067;411;583
663;22.1;419;582
664;22.133;425;581
665;22.167;426;581
666;22.2;425;581
667;22.233;422;582
668;22.267;415;584
669;22.3;405;586
670;22.333;392;588
671;22.367;376;591
672;22.4;358;593
673;22.433;338;595
674;22.467;316;597
675;22.5;294;598
676;22.533;271;598
677;22.567;247;598
678;22.6;224;597
679;22.633;201;595
680;22.667;179;593
681;22.7;158;591
682;22.733;139;588
683;22.767;123;585
684;22.8;109;582
685;22.833;98;579
686;22.867;88;577
687;22.9;82;575
688;22.933;80;574
689;22.967;80;574
690;23.0;84;575
691;23.033;93;576
692;23.067;104;578
693;23.1;116;580
694;23.133;129;583
695;23.167;144;585
696;23.2;162;587
697;23.233;181;589
698;23.267;202;591
699;23.3;224;593
700;23.333;247;593
701;23.367;269;594
702;23.4;291;593
703;23.433;312;592
704;23.467;332;591
705;23.5;351;589
706;23.533;368;587
707;23.567;383;585
708;23.6;396;584
709;23.633;406;582
710;23.667;414;581
711;23.7;419;580
712;23.733;421;580
713;23.767;420;581
714;23.8;416;582
715;23.833;409;583
716;23.867;400;585
717;23.9;387;588
718;23.933;371;590
719;23.967;354;593
720;24.0;334;595
721;24.033;313;596
722;24.067;290;597
723;24.1;267;597
724;24.133;244;597
725;24.167;220;596
726;24.2;198;595
727;24.233;176;593
728;24.267;157;590
729;24.3;139;587
730;24.333;125;584
731;24.367;110;581
732;24.4;100;579
733;24.433;92;577
734;24.467;87;575
735;24.5;85;575
736;24.533;86;574
737;24.567;90;575
738;24.6;96;576
739;24.633;106;578
740;24.667;118;580
741;24.7;131;582
742;24.733;148;585
743;24.767;165;587
744;24.8;184;589
745;24.833;184;589
746;24.867;215;591
747;24.9;236;593
748;24.933;258;593
749;24.967;280;593
750;25.0;302;592
751;25.033;322;591
752;25.067;341;590
753;25.1;359;588
754;25.133;375;586
755;25.167;388;584
756;25.2;400;582
757;25.233;408;581
758;25.267;414;580
759;25.3;417;579
760;25.333;417;579
761;25.367;414;580
762;25.4;408;581
763;25.433;399;583
764;25.467;387;585
765;25.5;373;588
766;25.533;357;590
767;25.567;337;592
768;25.6;316;593
769;25.633;294;594
770;25.667;271;595
771;25.7;248;595
772;25.733;226;594
773;25.767;203;593
774;25.8;182;592
775;25.833;162;590
776;25.867;143;587
777;25.9;126;584
778;25.933;113;582
779;25.967;102;579
780;26.0;93;577
781;26.033;86;575
782;26.067;82;574
783;26.1;81;573
784;26.133;84;573
785;26.167;88;574
786;26.2;96;576
787;26.233;107;578
788;26.267;119;580
789;26.3;134;582
790;26.333;150;585
791;26.367;168;587
792;26.4;188;589
793;26.433;208;591
794;26.467;230;592
795;26.5;250;593
796;26.533;272;593
797;26.567;293;592
798;26.6;314;592
799;26.633;332;591
800;26.667;350;589
801;26.7;366;588
802;26.733;379;586
803;26.767;387;585
804;26.8;396;583
805;26.833;402;583
806;26.867;405;583
807;26.9;406;583
808;26.933;403;584
809;26.967;397;585
810;27.0;392;587
811;27.033;382;589
812;27.067;368;591
813;27.1;352;593
814;27.133;334;595
815;27.167;314;597
816;27.2;293;598
817;27.233;271;598
818;27.267;249;598
819;27.3;226;597
820;27.333;204;596
821;27.367;182;593
822;27.4;161;591
823;27.433;144;588
824;27.467;128;585
825;27.5;114;582
826;27.533;103;580
827;27.567;94;577
828;27.6;88;575
829;27.633;84;574
830;27.667;84;574
831;27.7;86;574
832;27.733;92;575
833;27.767;100;576
834;27.8;111;578
835;27.833;124;580
836;27.867;138;582
837;27.9;155;584
838;27.933;173;586
839;27.967;192;588
840;28.0;213;590
841;28.033;213;590
842;28.067;244;591
843;28.1;265;591
844;28.133;286;591
845;28.167;307;591
846;28.2;326;590
847;28.233;344;588
848;28.267;361;586
849;28.3;375;585
850;28.333;387;583
851;28.367;397;582
852;28.4;404;581
853;28.433;409;580
854;28.467;410;580
855;28.5;409;580
856;28.533;405;581
857;28.567;398;583
858;28.6;387;585
859;28.633;375;587
860;28.667;360;589
861;28.7;343;591
862;28.733;324;593
863;28.767;304;594
864;28.8;283;595
865;28.833;260;595
866;28.867;238;594
867;28.9;215;593
868;28.933;194;591
869;28.967;171;589
870;29.0;154;587
871;29.033;135;584
872;29.067;122;581
873;29.1;109;578
874;29.133;98;575
875;29.167;91;573
876;29.2;86;572
877;29.233;85;571
878;29.267;86;571
879;29.3;90;571
880;29.333;98;573
881;29.367;107;574
882;29.4;118;576
883;29.433;132;578
884;29.467;148;580
885;29.5;165;583
886;29.533;184;585
887;29.567;204;587
888;29.6;224;588
889;29.633;245;589
890;29.667;267;590
891;29.7;287;589
892;29.733;308;589
893;29.767;327;588
894;29.8;345;586
895;29.833;361;584
896;29.867;375;583
897;29.9;387;582
898;29.933;397;581
899;29.967;404;580
900;30.0;408;580
901;30.033;410;579
902;30.067;409;580
903;30.1;405;581
904;30.133;397;583
905;30.167;387;585
906;30.2;374;587
907;30.233;359;588
908;30.267;342;590
909;30.3;322;591
910;30.333;302;593
911;30.367;280;593
912;30.4;258;593
913;30.433;235;592
914;30.467;212;591
915;30.5;191;589
916;30.533;169;586
917;30.567;150;583
918;30.6;133;580
919;30.633;119;577
920;30.667;106;575
921;30.7;96;572
922;30.733;89;570
923;30.767;85;568
924;30.8;83;567
925;30.833;84;567
926;30.867;88;568
927;30.9;94;569
928;30.933;104;570
929;30.967;115;572
930;31.0;128;574
931;31.033;144;576
932;31.067;160;578
933;31.1;178;580
934;31.133;197;582
935;31.167;219;583
936;31.2;239;584
937;31.233;239;584
938;31.267;270;584
939;31.3;290;583
940;31.333;309;582
941;31.367;327;581
942;31.4;343;579
943;31.433;358;577
944;31.467;371;576
945;31.5;381;574
946;31.533;389;572
947;31.567;394;572
948;31.6;396;571
949;31.633;395;571
950;31.667;392;572
951;31.7;386;573
952;31.733;377;575
953;31.767;365;576
954;31.8;351;578
955;31.833;336;579
956;31.867;316;581
957;31.9;296;582
958;31.933;275;583
959;31.967;255;583
960;32.0;231;582
961;32.033;210;581
962;32.067;188;580
963;32.1;166;578
964;32.133;149;575
965;32.167;133;572
966;32.2;117;569
967;32.233;103;566
968;32.267;92;564
969;32.3;83;561
970;32.333;78;559
971;32.367;76;558
972;32.4;76;558
973;32.433;78;558
974;32.467;83;559
975;32.5;91;560
976;32.533;102;562
977;32.567;115;564
978;32.6;130;567
979;32.633;147;569
980;32.667;164;571
981;32.7;183;573
982;32.733;203;575
983;32.767;223;576
984;32.8;243;576
985;32.833;264;576
986;32.867;284;576
987;32.9;303;575
988;32.933;321;574
989;32.967;338;572
990;33.0;353;571
991;33.033;364;569
992;33.067;375;568
993;33.1;383;567
994;33.133;388;566
995;33.167;391;566
996;33.2;391;566
997;33.233;389;566
998;33.267;383;567
999;33.3;374;569
1000;33.333;363;571
1001;33.367;349;573
1002;33.4;334;575
1003;33.433;316;577
1004;33.467;296;578
1005;33.5;275;579
1006;33.533;254;579
1007;33.567;232;579
1008;33.6;210;578
1009;33.633;187;576
1010;33.667;167;574
1011;33.7;148;572
1012;33.733;131;569
1013;33.767;115;566
1014;33.8;103;563
1015;33.833;94;561
1016;33.867;86;559
1017;33.9;81;557
1018;33.933;78;556
1019;33.967;78;556
1020;34.0;80;556
1021;34.033;85;557
1022;34.067;93;558
1023;34.1;103;560
1024;34.133;115;562
1025;34.167;130;564
1026;34.2;146;566
1027;34.233;165;568
1028;34.267;183;571
1029;34.3;203;572
1030;34.333;224;573
1031;34.367;244;574
1032;34.4;264;574
1033;34.433;264;574
1034;34.467;293;573
1035;34.5;312;572
1036;34.533;329;571
1037;34.567;344;569
1038;34.6;358;568
1039;34.633;370;566
1040;34.667;379;565
1041;34.7;386;565
1042;34.733;390;565
1043;34.767;391;565
1044;34.8;390;566
1045;34.833;387;567
1046;34.867;379;568
1047;34.9;369;570
1048;34.933;357;572
1049;34.967;343;574
1050;35.0;326;576
1051;35.033;308;578
1052;35.067;288;579
1053;35.1;267;580
1054;35.133;246;580
1055;35.167;224;579
1056;35.2;202;578
1057;35.233;181;577
1058;35.267;161;575
1059;35.3;144;572
1060;35.333;128;570
1061;35.367;114;567
1062;35.4;101;565
1063;35.433;92;562
1064;35.467;86;560
1065;35.5;82;558
1066;35.533;82;558
1067;35.567;84;558
1068;35.6;88;559
1069;35.633;94;560
1070;35.667;104;561
1071;35.7;114;563
1072;35.733;128;565
1073;35.767;144;567
1074;35.8;160;569
1075;35.833;178;571
1076;35.867;197;573
1077;35.9;217;574
1078;35.933;238;575
1079;35.967;258;575
1080;36.0;277;575
1081;36.033;297;575
1082;36.067;315;573
1083;36.1;333;572
1084;36.133;347;571
1085;36.167;361;570
1086;36.2;372;569
1087;36.233;381;568
1088;36.267;387;567
1089;36.3;392;567
1090;36.333;393;566
1091;36.367;391;567
1092;36.4;386;569
1093;36.433;380;570
1094;36.467;371;572
1095;36.5;358;574
1096;36.533;344;576
1097;36.567;327;577
1098;36.6;309;579
1099;36.633;289;580
1100;36.667;267;580
1101;36.7;244;581
1102;36.733;223;580
1103;36.767;200;579
1104;36.8;181;577
1105;36.833;162;574
1106;36.867;144;572
1107;36.9;128;569
1108;36.933;114;567
1109;36.967;103;564
1110;37.0;96;562
1111;37.033;90;560
1112;37.067;86;559
1113;37.1;84;559
1114;37.133;87;558
1115;37.167;91;559
1116;37.2;99;560
1117;37.233;106;561
1118;37.267;118;563
1119;37.3;132;566
1120;37.333;147;568
1121;37.367;164;569
1122;37.4;181;571
1123;37.433;201;573
1124;37.467;220;574
1125;37.5;240;576
1126;37.533;259;576
1127;37.567;278;576
1128;37.6;299;575
1129;37.633;299;575
1130;37.667;325;574
1131;37.7;342;573
1132;37.733;355;572
1133;37.767;369;571
1134;37.8;378;570
1135;37.833;387;569
1136;37.867;391;568
1137;37.9;394;568
1138;37.933;394;569
1139;37.967;391;570
1140;38.0;385;571
1141;38.033;376;572
1142;38.067;365;574
1143;38.1;351;576
1144;38.133;336;578
1145;38.167;317;579
1146;38.2;299;580
1147;38.233;277;581
1148;38.267;256;581
1149;38.3;235;580
1150;38.333;214;579
1151;38.367;194;577
1152;38.4;172;575
1153;38.433;154;573
1154;38.467;137;570
1155;38.5;122;568
1156;38.533;111;565
1157;38.567;101;563
1158;38.6;94;560
1159;38.633;89;559
1160;38.667;87;558
1161;38.7;88;558
1162;38.733;90;558
1163;38.767;96;559
1164;38.8;104;560
1165;38.833;114;561
1166;38.867;125;563
1167;38.9;140;565
1168;38.933;156;567
1169;38.967;174;569
1170;39.0;192;571
1171;39.033;209;573
1172;39.067;228;574
1173;39.1;249;574
1174;39.133;268;574
1175;39.167;287;574
1176;39.2;306;574
1177;39.233;323;573
1178;39.267;340;572
1179;39.3;354;571
1180;39.333;366;570
1181;39.367;377;568
1182;39.4;384;568
1183;39.433;389;568
1184;39.467;392;568
1185;39.5;392;568
1186;39.533;388;569
1187;39.567;382;570
1188;39.6;373;572
1189;39.633;362;574
1190;39.667;347;576
1191;39.7;331;578
1192;39.733;313;580
1193;39.767;295;581
1194;39.8;274;582
1195;39.833;253;582
1196;39.867;231;582
1197;39.9;211;580
1198;39.933;191;579
1199;39.967;171;577
1200;40.0;153;575
1201;40.033;137;572
1202;40.067;124;570
1203;40.1;111;567
1204;40.133;101;565
1205;40.167;94;563
1206;40.2;89;561
1207;40.233;88;560
1208;40.267;89;560
1209;40.3;92;560
1210;40.333;98;561
1211;40.367;107;563
1212;40.4;117;564
1213;40.433;130;566
1214;40.467;144;569
1215;40.5;160;571
1216;40.533;177;573
1217;40.567;195;575
1218;40.6;213;577
1219;40.633;233;578
1220;40.667;254;578
1221;40.7;272;578
1222;40.733;291;578
1223;40.767;310;577
1224;40.8;327;577
1225;40.833;335;576
1226;40.867;350;575
1227;40.9;363;574
1228;40.933;371;573
1229;40.967;379;572
1230;41.0;386;571
1231;41.033;390;571
1232;41.067;392;571
1233;41.1;389;572
1234;41.133;384;573
1235;41.167;376;575
1236;41.2;367;576
1237;41.233;357;578
1238;41.267;342;580
1239;41.3;325;582
1240;41.333;306;583
1241;41.367;285;584
1242;41.4;265;584
1243;41.433;243;584
1244;41.467;223;583
1245;41.5;202;582
1246;41.533;182;580
1247;41.567;163;577
1248;41.6;147;575
1249;41.633;133;572
1250;41.667;120;569
1251;41.7;109;567
1252;41.733;101;565
1253;41.767;96;563
1254;41.8;93;562
1255;41.833;92;561
1256;41.867;94;561
1257;41.9;99;562
1258;41.933;106;563
1259;41.967;116;565
1260;42.0;128;567
1261;42.033;142;569
1262;42.067;156;571
1263;42.1;172;573
1264;42.133;189;575
1265;42.167;208;577
1266;42.2;227;578
1267;42.233;246;579
1268;42.267;265;579
1269;42.3;284;579
1270;42.333;303;578
1271;42.367;320;577
1272;42.4;337;576
1273;42.433;351;575
1274;42.467;365;574
1275;42.5;374;573
1276;42.533;382;572
1277;42.567;389;572
1278;42.6;392;572
1279;42.633;394;572
1280;42.667;392;573
1281;42.7;387;574
1282;42.733;379;576
1283;42.767;370;578
1284;42.8;357;580
1285;42.833;342;581
1286;42.867;325;583
1287;42.9;307;584
1288;42.933;287;585
1289;42.967;266;585
1290;43.0;244;585
1291;43.033;223;584
1292;43.067;203;582
1293;43.1;183;580
1294;43.133;167;578
1295;43.167;151;575
1296;43.2;135;572
1297;43.233;123;569
1298;43.267;112;566
1299;43.3;103;564
1300;43.333;97;562
1301;43.367;93;561
1302;43.4;92;560
1303;43.433;95;560
1304;43.467;100;561
1305;43.5;109;563
1306;43.533;120;565
1307;43.567;132;567
1308;43.6;147;570
1309;43.633;162;572
1310;43.667;177;574
1311;43.7;194;576
1312;43.733;212;578
1313;43.767;231;579
1314;43.8;250;580
1315;43.833;270;581
1316;43.867;289;581
1317;43.9;307;581
1318;43.933;325;580
1319;43.967;340;579
1320;44.0;355;578
1321;44.033;361;578
1322;44.067;371;576
1323;44.1;381;576
1324;44.133;388;575
1325;44.167;393;575
1326;44.2;396;575
1327;44.233;395;576
1328;44.267;391;577
1329;44.3;385;579
1330;44.333;376;580
1331;44.367;365;582
1332;44.4;351;584
1333;44.433;335;586
1334;44.467;317;587
1335;44.5;298;588
1336;44.533;277;588
1337;44.567;256;588
1338;44.6;235;587
1339;44.633;214;586
1340;44.667;194;584
1341;44.7;176;581
1342;44.733;159;579
1343;44.767;144;576
1344;44.8;131;573
1345;44.833;120;570
1346;44.867;110;568
1347;44.9;101;566
1348;44.933;97;565
1349;44.967;97;564
1350;45.0;98;563
1351;45.033;102;564
1352;45.067;109;565
1353;45.1;121;566
1354;45.133;131;568
1355;45.167;143;570
1356;45.2;157;572
1357;45.233;173;574
1358;45.267;189;577
1359;45.3;207;578
1360;45.333;226;580
1361;45.367;246;581
1362;45.4;265;582
1363;45.433;284;583
1364;45.467;303;583
1365;45.5;320;583
1366;45.533;337;582
1367;45.567;353;582
1368;45.6;366;581
1369;45.633;378;580
1370;45.667;387;579
1371;45.7;395;580
1372;45.733;399;580
1373;45.767;401;580
1374;45.8;400;581
1375;45.833;396;582
1376;45.867;390;583
1377;45.9;381;585
1378;45.933;369;586
1379;45.967;354;588
1380;46.0;338;589
1381;46.033;319;590
1382;46.067;299;591
1383;46.1;279;591
1384;46.133;259;591
1385;46.167;238;590
1386;46.2;217;589
1387;46.233;197;586
1388;46.267;177;584
1389;46.3;160;581
1390;46.333;145;578
1391;46.367;131;575
1392;46.4;120;572
1393;46.433;111;570
1394;46.467;105;568
1395;46.5;101;567
1396;46.533;100;566
1397;46.567;102;565
1398;46.6;106;566
1399;46.633;112;567
1400;46.667;120;569
1401;46.7;132;570
1402;46.733;144;572
1403;46.767;158;574
1404;46.8;173;577
1405;46.833;190;579
1406;46.867;207;581
1407;46.9;226;583
1408;46.933;245;584
1409;46.967;263;585
1410;47.0;282;585
1411;47.033;300;585
1412;47.067;317;585
1413;47.1;334;585
1414;47.133;349;584
1415;47.167;362;584
1416;47.2;373;583
1417;47.233;378;582
1418;47.267;386;582
1419;47.3;391;582
1420;47.333;394;583
1421;47.367;394;583
1422;47.4;391;584
1423;47.433;386;585
1424;47.467;378;586
1425;47.5;367;588
1426;47.533;354;589
1427;47.567;339;590
1428;47.6;321;592
1429;47.633;303;593
1430;47.667;283;593
1431;47.7;262;593
1432;47.733;242;592
1433;47.767;222;591
1434;47.8;202;589
1435;47.833;183;586
1436;47.867;165;583
1437;47.9;149;580
1438;47.933;135;578
1439;47.967;123;575
1440;48.0;113;572
1441;48.033;106;570
1442;48.067;102;568
1443;48.1;100;567
1444;48.133;101;566
1445;48.167;104;566
1446;48.2;109;567
1447;48.233;117;568
1448;48.267;127;570
1449;48.3;139;572
1450;48.333;152;574
1451;48.367;167;576
1452;48.4;183;578
1453;48.433;200;580
1454;48.467;219;582
1455;48.5;236;584
1456;48.533;255;585
1457;48.567;274;586
1458;48.6;293;586
1459;48.633;310;586
1460;48.667;327;586
1461;48.7;343;586
1462;48.733;357;585
1463;48.767;369;585
1464;48.8;379;584
1465;48.833;387;584
1466;48.867;392;584
1467;48.9;395;584
1468;48.933;395;585
1469;48.967;392;585
1470;49.0;386;587
1471;49.033;378;588
1472;49.067;367;589
1473;49.1;353;590
1474;49.133;337;591
1475;49.167;320;592
1476;49.2;301;593
1477;49.233;280;593
1478;49.267;260;592
1479;49.3;239;591
1480;49.333;219;590
1481;49.367;199;588
1482;49.4;180;585
1483;49.433;161;582
1484;49.467;146;579
1485;49.5;133;576
1486;49.533;122;573
1487;49.567;113;570
1488;49.6;106;568
1489;49.633;101;566
1490;49.667;99;565
1491;49.7;100;564
1492;49.733;103;564
1493;49.767;108;565
1494;49.8;116;567
1495;49.833;127;568
1496;49.867;138;570
1497;49.9;152;572
1498;49.933;165;574
1499;49.967;182;577
1500;50.0;199;579
1501;50.033;217;581
1502;50.067;234;583
1503;50.1;253;584
1504;50.133;272;585
1505;50.167;290;585
1506;50.2;307;585
1507;50.233;324;585
1508;50.267;339;585
1509;50.3;353;585
1510;50.333;365;584
1511;50.367;375;584
1512;50.4;382;584
1513;50.433;385;584
1514;50.467;389;584
1515;50.5;390;584
1516;50.533;388;584
1517;50.567;384;586
1518;50.6;377;587
1519;50.633;367;588
1520;50.667;355;589
1521;50.7;340;590
1522;50.733;324;591
1523;50.767;306;592
1524;50.8;286;592
1525;50.833;266;592
1526;50.867;246;591
1527;50.9;226;589
1528;50.933;206;587
1529;50.967;186;585
1530;51.0;168;582
1531;51.033;152;579
1532;51.067;137;576
1533;51.1;126;573
1534;51.133;115;570
1535;51.167;108;568
1536;51.2;103;566
1537;51.233;100;565
1538;51.267;100;563
1539;51.3;102;563
1540;51.333;106;563
1541;51.367;113;565
1542;51.4;122;566
1543;51.433;133;568
1544;51.467;146;570
1545;51.5;160;572
1546;51.533;176;574
1547;51.567;193;577
1548;51.6;209;579
1549;51.633;227;581
1550;51.667;246;582
1551;51.7;263;583
1552;51.733;281;584
1553;51.767;299;584
1554;51.8;316;584
1555;51.833;331;584
1556;51.867;345;583
1557;51.9;357;583
1558;51.933;368;582
1559;51.967;376;582
1560;52.0;382;582
1561;52.033;385;582
1562;52.067;386;582
1563;52.1;384;583
1564;52.133;379;584
1565;52.167;372;584
1566;52.2;362;585
1567;52.233;349;587
1568;52.267;334;588
1569;52.3;318;589
1570;52.333;300;589
1571;52.367;279;589
1572;52.4;260;588
1573;52.433;238;587
1574;52.467;217;585
1575;52.5;197;583
1576;52.533;177;580
1577;52.567;159;577
1578;52.6;143;574
1579;52.633;131;571
1580;52.667;120;568
1581;52.7;110;565
1582;52.733;102;563
1583;52.767;99;562
1584;52.8;98;561
1585;52.833;98;560
1586;52.867;101;560
1587;52.9;105;561
1588;52.933;113;562
1589;52.967;121;563
1590;53.0;132;565
1591;53.033;144;567
1592;53.067;158;569
1593;53.1;173;571
1594;53.133;189;573
1595;53.167;206;575
1596;53.2;223;577
1597;53.233;241;578
1598;53.267;259;579
1599;53.3;276;580
1600;53.333;293;580
1601;53.367;309;581
1602;53.4;324;581
1603;53.433;338;581
1604;53.467;351;580
1605;53.5;360;580
1606;53.533;369;580
1607;53.567;374;580
1608;53.6;377;580
1609;53.633;377;580
1610;53.667;377;581
1611;53.7;373;581
1612;53.733;366;583
1613;53.767;358;584
1614;53.8;346;585
1615;53.833;333;587
1616;53.867;318;588
1617;53.9;300;588
1618;53.933;281;588
1619;53.967;262;588
1620;54.0;241;587
1621;54.033;220;585
1622;54.067;200;583
1623;54.1;181;580
1624;54.133;163;578
1625;54.167;148;575
1626;54.2;133;571
1627;54.233;122;569
1628;54.267;112;565
1629;54.3;100;562
1630;54.333;93;560
1631;54.367;91;559
1632;54.4;89;557
1633;54.433;91;557
1634;54.467;94;557
1635;54.5;99;558
1636;54.533;108;559
1637;54.567;120;560
1638;54.6;132;562
1639;54.633;144;564
1640;54.667;158;567
1641;54.7;173;569
1642;54.733;189;571
1643;54.767;207;573
1644;54.8;224;574
1645;54.833;241;575
1646;54.867;259;576
1647;54.9;276;576
1648;54.933;293;577
1649;54.967;308;577
1650;55.0;321;576
1651;55.033;333;576
1652;55.067;344;576
1653;55.1;353;576
1654;55.133;359;575
1655;55.167;364;575
1656;55.2;365;576
1657;55.233;364;576
1658;55.267;360;576
1659;55.3;354;578
1660;55.333;344;579
1661;55.367;333;580
1662;55.4;320;581
1663;55.433;304;582
1664;55.467;287;582
1665;55.5;268;582
1666;55.533;248;582
1667;55.567;228;581
1668;55.6;209;580
1669;55.633;190;578
1670;55.667;171;575
1671;55.7;156;572
1672;55.733;140;569
1673;55.767;128;566
1674;55.8;115;563
1675;55.833;106;561
1676;55.867;99;558
1677;55.9;94;556
1678;55.933;91;555
1679;55.967;90;553
1680;56.0;92;553
1681;56.033;95;553
1682;56.067;102;554
1683;56.1;110;555
1684;56.133;120;557
1685;56.167;131;559
1686;56.2;145;561
1687;56.233;159;563
1688;56.267;174;565
1689;56.3;190;567
1690;56.333;207;569
1691;56.367;223;570
1692;56.4;241;571
1693;56.433;258;571
1694;56.467;273;572
1695;56.5;289;572
1696;56.533;303;572
1697;56.567;317;571
1698;56.6;329;571
1699;56.633;340;571
1700;56.667;349;571
1701;56.7;356;571
1702;56.733;360;571
1703;56.767;362;572
1704;56.8;360;572
1705;56.833;358;572
1706;56.867;353;573
1707;56.9;345;575
1708;56.933;334;575
1709;56.967;322;576
1710;57.0;308;577
1711;57.033;292;577
1712;57.067;274;577
1713;57.1;254;577
1714;57.133;235;576
1715;57.167;214;574
1716;57.2;196;573
1717;57.233;178;570
1718;57.267;161;567
1719;57.3;145;565
1720;57.333;130;561
1721;57.367;117;558
1722;57.4;107;555
1723;57.433;98;552
1724;57.467;91;550
1725;57.5;88;548
1726;57.533;87;547
1727;57.567;87;546
1728;57.6;91;546
1729;57.633;95;547
1730;57.667;101;547
1731;57.7;111;549
1732;57.733;122;550
1733;57.767;134;552
1734;57.8;148;554
1735;57.833;164;557
1736;57.867;179;559
1737;57.9;196;560
1738;57.933;213;562
1739;57.967;230;563
1740;58.0;247;564
1741;58.033;263;565
1742;58.067;279;566
1743;58.1;295;566
1744;58.133;309;566
1745;58.167;323;565
1746;58.2;335;565
1747;58.233;342;565
1748;58.267;349;565
1749;58.3;354;565
1750;58.333;357;565
1751;58.367;357;565
1752;58.4;353;566
1753;58.433;348;567
1754;58.467;339;568
1755;58.5;329;569
1756;58.533;319;570
1757;58.567;304;572
1758;58.6;287;572
1759;58.633;270;573
1760;58.667;252;573
1761;58.7;232;573
1762;58.733;213;572
1763;58.767;195;570
1764;58.8;177;569
1765;58.833;160;566
1766;58.867;145;564
1767;58.9;131;561
1768;58.933;119;559
1769;58.967;109;556
1770;59.0;101;554
1771;59.033;95;552
1772;59.067;92;550
1773;59.1;90;549
1774;59.133;91;549
1775;59.167;95;549
1776;59.2;100;549
1777;59.233;107;550
1778;59.267;116;552
1779;59.3;128;553
1780;59.333;140;555
1781;59.367;154;557
1782;59.4;169;559
1783;59.433;186;561
1784;59.467;202;563
1785;59.5;219;564
1786;59.533;236;566
1787;59.567;253;566
1788;59.6;269;567
1789;59.633;284;567
1790;59.667;299;567
1791;59.7;314;567
1792;59.733;327;566
1793;59.767;338;566
1794;59.8;344;566
1795;59.833;351;566
1796;59.867;356;566
1797;59.9;358;566
1798;59.933;357;566
1799;59.967;354;568
1800;60.0;352;569
